model,rmse,mape,wape
LightGBM,14489.542095083216,84.02184534182902,84.82561567194257
Seasonal-24h,1299.8176228914401,6.222336546187746,6.239005681842012
